lead_id,phone_hash,state,timezone,source,created_at,consent_flag,opt_out_at
1,6c707b616ed4a9163e259a2720477b5d,FL,PST,facebook,2025-12-28T00:51:28,false,
2,2f118b1ce98905bf5e5dae8912ad7a6f,CA,PST,google,2026-01-01T08:00:28,true,
3,e1a2434a9e118b1ca57eacc286535068,FL,EST,seo,2025-12-22T23:14:28,true,
4,00d0c1ae65c236608038e697af798a4d,WA,CST,affiliate,2025-12-28T21:59:28,true,2025-12-30T08:59:28
5,eb14f7671e65290b9d20e40a69b66c0c,IL,PST,affiliate,2025-12-24T04:06:28,true,
6,f62fd06b184be6e094c1a64979b3eadc,TX,MST,google,2025-12-31T10:51:28,true,
7,97da646ccf57addc33a807cb19a4e46c,WA,PST,affiliate,2025-12-24T11:12:28,true,
8,a6d31836ad0a06cfe3149e5c376c22ca,NY,MST,google,2025-12-20T10:24:28,true,2025-12-23T03:24:28
9,59fcf59d78cab723965b6ac64e9259a7,WA,EST,facebook,2025-12-17T11:21:28,true,
10,ed6b8819f120cb05436a6f148bc1a0b8,NY,MST,affiliate,2025-12-19T21:40:28,true,
11,126ad68f39cf4ec92f8c7e72e1a4b9b6,FL,MST,google,2025-12-25T11:36:28,true,
12,0bc34902997a44d9164d8c9b33d6ce8b,FL,CST,seo,2025-12-25T13:40:28,true,
13,72304f0924fcfd5f076f110f1439c512,NJ,PST,facebook,2025-12-19T04:56:28,true,
14,381a13cba25553079725f417514f0180,CA,EST,facebook,2025-12-24T15:49:28,true,
15,142092f4a233481546653c19539fa0f9,AZ,CST,facebook,2025-12-27T04:47:28,true,
16,7d143f8d048237ee08a62e95ad5fe1a3,IL,CST,google,2025-12-20T02:33:28,true,
17,51612b1407dc021ac92bd65463c4e906,CA,MST,affiliate,2025-12-29T14:16:28,true,
18,667f816a5bec7ec46b824c5f0d008c85,IL,EST,google,2025-12-17T20:09:28,false,
19,8aad8757739c36fd5005d9372ffa3171,TX,PST,google,2025-12-23T06:00:28,true,
20,289ed4c0b2c77cb88747d5dfdd7f6dd5,NJ,MST,google,2025-12-24T02:49:28,true,
21,ecb86467452e22e66ac8ea1888930f73,AZ,MST,facebook,2025-12-25T10:24:28,true,
22,8dfba3849543b4f216aa19429eed58cb,NY,MST,facebook,2025-12-27T07:28:28,true,
23,bb5a2fff029a7c453f19e6093ccb3611,WA,PST,facebook,2026-01-01T01:01:28,true,
24,1e1aace54df9224a7406ed802e7cc95d,AZ,MST,google,2025-12-25T01:31:28,true,
25,5cd53ef678c8bb7775a0ac2cb2378eca,WA,EST,seo,2025-12-29T04:59:28,true,
26,8de12c680b8ae8edebd2cc5ca17a67b2,TX,EST,facebook,2025-12-21T06:22:28,true,
27,87cd84c697fe7545c58a4f02a17af6e8,AZ,EST,google,2025-12-20T04:50:28,true,
28,547f9b249b3f45e1b660c0c2d7388d28,AZ,EST,facebook,2025-12-25T00:10:28,true,
29,81fa00c31ab130c11e71a36245e694ad,NY,PST,google,2025-12-24T08:00:28,true,
30,06777c93fcb0c88f1604c42a26387159,NJ,EST,affiliate,2025-12-28T19:08:28,true,2026-01-03T19:08:28
31,d2336621f4619eea6393b9474f6f9658,AZ,EST,google,2025-12-20T08:15:28,true,
32,d3abb62b22e4a4f5ed13d339b21db896,WA,MST,facebook,2025-12-31T13:18:28,true,
33,cc3710bd137b836445a8809d3b615623,TX,PST,facebook,2025-12-23T15:55:28,true,2025-12-24T20:55:28
34,b4324a00eb09b6188895585d3c0f358e,CA,MST,facebook,2025-12-17T13:50:28,true,
35,f508febc4e7f3d2abb2498005eab9234,NY,EST,affiliate,2025-12-22T15:45:28,true,
36,f35d91bdb3a0dd8c7e0ca8d3d84c13cd,WA,MST,facebook,2025-12-29T10:24:28,true,
37,6be1ea7295429f025f571d739ce90d6c,IL,PST,google,2025-12-23T05:01:28,true,
38,d60a192f38f2ce37ebb6a1158f87751a,AZ,CST,affiliate,2025-12-18T00:42:28,true,
39,7e0abf732c152b3e46d4765f5c8246f9,FL,PST,affiliate,2025-12-23T22:06:28,true,
40,6f93eb4c9dcaf3dff3d651a4d83ece6f,NY,PST,affiliate,2025-12-20T14:56:28,true,
41,dbca3c21ed289ad0a9153f48bc29415b,CA,MST,facebook,2025-12-18T23:33:28,true,
42,ff496b3522825764909a51feb0e3220c,IL,EST,google,2026-01-01T07:44:28,true,
43,e936424caf3a7eca6cf8c448ef0e27e8,CA,EST,affiliate,2025-12-25T15:05:28,true,2025-12-28T08:05:28
44,2091bdcd56476082f9a7a42e9103463e,CA,MST,affiliate,2025-12-31T22:42:28,true,
45,450885c315567e3e5a6513b327999656,NJ,MST,google,2025-12-22T04:43:28,true,
46,63550818bfe84d62c6f418cc76d2ffe3,FL,MST,affiliate,2025-12-20T02:09:28,true,
47,4b39549edf1b7ef75570c2aa5851c9d0,FL,EST,facebook,2025-12-18T08:14:28,true,
48,123efbd16536edfdbd6f2dfb2fe6da28,AZ,EST,affiliate,2025-12-18T16:51:28,true,
49,40d892ec85c3277d2aa856b22a2d32c9,WA,CST,affiliate,2025-12-19T00:51:28,true,2025-12-22T12:51:28
50,d16258c33f692d4bba969d668df758a5,WA,PST,facebook,2025-12-27T20:24:28,true,
51,f21e67cbfd544b33231e9e066d94079a,IL,PST,facebook,2025-12-28T02:28:28,true,
52,e755dcb48a2f2702e02e72b5f8df5aff,TX,PST,seo,2025-12-26T08:15:28,true,
53,1e5df7342966e0aeb69e4e0004968ed2,NY,MST,affiliate,2025-12-20T19:05:28,true,
54,cf8d80f530a2dad932136e28bef1c494,WA,EST,facebook,2025-12-21T21:26:28,false,
55,483fa92a0b2bf8ebcb5bc35bf7d1a888,IL,CST,google,2025-12-21T18:45:28,true,
56,95b591506f505164d25c37d6cb6f6a4a,IL,MST,seo,2025-12-25T10:18:28,true,
57,e8ca01970d049123f21f16fc18b4525a,WA,PST,seo,2025-12-28T18:15:28,true,
58,0707a1c3207d632fe66a4559ab21dde7,FL,EST,facebook,2025-12-28T15:35:28,true,
59,f59408d4ceb42cff4de65302b54c93a3,IL,CST,google,2025-12-21T12:44:28,true,2025-12-25T09:44:28
60,86091872e6612bc75e75876530950cb6,TX,MST,seo,2026-01-01T00:35:28,true,
61,1f838e424ae6968eaf5185b6a329022d,AZ,EST,seo,2025-12-23T01:20:28,true,
62,3b40a0c84ba72f4d0ffa48b3d1c53125,TX,MST,seo,2025-12-21T07:08:28,true,
63,e74eb8a1fbdf18ed6d79e34b75f58788,AZ,MST,google,2025-12-20T15:36:28,true,2025-12-23T18:36:28
64,b191fd0a4f57045301123da91affbbb2,AZ,EST,seo,2025-12-23T12:45:28,true,
65,eb604030a6c8739b051b22f324a543a7,NY,EST,affiliate,2025-12-20T16:37:28,true,
66,372e94199f228f9a83453a33af302485,NY,EST,affiliate,2025-12-27T18:01:28,true,
67,3fdfe7517d76bf19237882c722c0106a,NJ,CST,google,2025-12-24T05:57:28,true,
68,d5de65458e57e27687ba573f2d2803af,AZ,MST,seo,2025-12-25T21:31:28,false,
69,b2dce5a33f26246be78c149434fa7ffa,CA,PST,seo,2025-12-25T19:08:28,true,
70,1876507fc714c4e61ba8c6d5340f0aeb,NJ,EST,seo,2025-12-26T22:17:28,false,
71,92104de8b0f6f47732b3306c5c296d63,NJ,MST,google,2025-12-27T18:34:28,true,2026-01-02T15:34:28
72,b6a78f072edbe3e31ec95a806d0ac518,CA,EST,facebook,2025-12-22T15:04:28,true,
73,2c14ce30538a113375f035314161d211,WA,EST,google,2025-12-25T03:02:28,true,
74,b31f94cc37a432178191d7e7e02555b2,NJ,EST,affiliate,2025-12-19T19:48:28,true,
75,6e43a7189c8d13f4d646a0480ba1ba36,WA,PST,google,2025-12-20T15:02:28,true,
76,41cd2e12b29f04f18760faa768158dd6,CA,PST,google,2025-12-22T06:17:28,true,2025-12-25T12:17:28
77,d88553677d39d4c5981dfdb8cb2779e3,AZ,MST,affiliate,2025-12-22T04:29:28,true,
78,7d462c6036008efe2216f6c9b0dd6323,TX,CST,facebook,2025-12-22T08:20:28,true,2025-12-24T17:20:28
79,3ff68095bb92233580a82ec86bcbb7f6,NY,CST,facebook,2025-12-17T19:40:28,true,
80,2de0d329cd3a18548ff11837bb9bddac,TX,MST,facebook,2025-12-19T22:11:28,true,
81,728066abde5f2dd2170c7ef6bf86a5a5,WA,CST,facebook,2025-12-21T21:01:28,true,
82,4a875388ff24d3e9b7c8609211e32813,AZ,EST,google,2025-12-30T18:42:28,true,
83,20c1bea6edd65e3bde897de6bc8261ad,AZ,EST,seo,2025-12-23T11:48:28,true,
84,051172b7761eca1fe009780ed5657fe8,TX,EST,affiliate,2025-12-22T23:45:28,true,
85,a9b04cf42ec1218c311ad6a8b523f48b,WA,EST,facebook,2025-12-24T13:26:28,true,
86,e84e7ba4622c1dc396251b315101e6ea,IL,EST,affiliate,2025-12-29T16:52:28,true,
87,3df542e7678259f70ed178a43ceec465,NY,CST,seo,2025-12-20T23:30:28,true,2025-12-24T01:30:28
88,6e8004d2499cdc214badd011284befeb,AZ,EST,seo,2025-12-28T09:35:28,true,
89,a52c7164c0783ed42c6f26b4ff3e2d59,WA,PST,seo,2025-12-28T19:21:28,true,
90,32f1959dc4ae486b3f24a0c743278e69,AZ,CST,affiliate,2025-12-20T14:44:28,true,
91,2b4c0bcd393a5f04e4e09475faf4e95a,FL,CST,google,2025-12-30T08:53:28,true,
92,469a25947975e74b70fb91b197db4eb2,IL,MST,facebook,2025-12-27T08:28:28,true,
93,d19ce32324c4ade9ce36a17278028f8e,CA,MST,facebook,2025-12-27T02:46:28,true,2025-12-29T10:46:28
94,c48644718158b9a317a9ab5f521681a8,TX,CST,facebook,2025-12-29T11:10:28,true,
95,71dc545ea830ab78df2d4ea58c96dfec,IL,CST,seo,2025-12-24T21:54:28,true,
96,52acd4d53ef088cd5d325d41ea3508ff,CA,PST,google,2025-12-25T17:01:28,true,
97,91be9fe665468adfdd1549c8e2449bc3,NY,MST,seo,2025-12-28T05:50:28,true,2026-01-04T00:50:28
98,e0d39780c12c03ec7e8d60283eed69ab,CA,EST,facebook,2025-12-27T13:38:28,true,
99,5c09b7191573f6f6764b3646ee7161c2,FL,MST,facebook,2025-12-27T11:00:28,true,
100,9077a0e8a44ac7752c54190b96714e3c,AZ,MST,affiliate,2025-12-24T09:27:28,false,
101,fbbc84781aa51cf4daccd2171c891961,TX,PST,google,2025-12-20T22:21:28,true,
102,559a7c37eff6627b9e61f73d716b30b4,NY,CST,seo,2025-12-21T13:23:28,true,
103,6472bbf6ecb36beb1e02a67eafbdd09a,FL,PST,facebook,2025-12-22T03:07:28,true,
104,f16c1d3eff8765b484c7bb7de4ecf8fd,IL,PST,seo,2025-12-27T12:18:28,true,
105,4f8e6a03ca5d9f16737a3bdadb9a031a,AZ,PST,seo,2025-12-27T09:40:28,true,
106,aee92171b6bf3d68801664b620d141a7,IL,PST,facebook,2025-12-17T18:18:28,true,
107,39feecc0e36b0af163c69671d049cb85,IL,PST,facebook,2025-12-21T13:28:28,true,
108,bed48e92e3c5c9593359a909330b9ee6,NJ,MST,seo,2025-12-21T17:07:28,true,
109,ee6245a10370a3db4c6454618b795473,FL,PST,affiliate,2025-12-25T21:45:28,true,
110,81e334cb0bea4e39230e338b1cad199b,CA,EST,seo,2025-12-27T10:40:28,true,
111,7c5000331bb844055a143b7f969cf334,CA,PST,seo,2025-12-27T04:16:28,true,
112,09ff2ccff23d324f23e330caae71a868,AZ,EST,seo,2025-12-23T20:26:28,false,
113,10c167e143323e2f92433aabb10aedd2,AZ,PST,facebook,2025-12-24T03:06:28,true,
114,75a6a14b696fbdd8f5e0913e246fc451,CA,PST,seo,2025-12-23T00:20:28,true,
115,777b24fafaa98913d716095dcc7d0fb3,FL,PST,seo,2025-12-19T04:36:28,true,
116,8f2949f01a6e657b88cfae9bc92059fa,AZ,CST,google,2025-12-27T18:12:28,true,
117,0f9c7eaa708c18f3e45386f458d9e604,FL,EST,facebook,2025-12-26T01:07:28,true,
118,6f3e712ec2411a012064c5afc746e731,IL,CST,facebook,2025-12-18T18:44:28,true,
119,1ca8520b2f52a542d23b7c20d381a4cd,AZ,CST,google,2025-12-18T13:28:28,true,
120,d0f681d3e0d472f91cd3e3784f5be07f,NJ,EST,seo,2025-12-26T21:30:28,true,
121,38b9ff56d34b22e597137a0419fcbe58,NJ,CST,facebook,2025-12-21T00:29:28,true,
122,24a66abcfb7679c8f8251443fe026bf2,FL,CST,seo,2025-12-20T19:41:28,true,
123,82ddfb101461327cbeebdc11f30c3151,AZ,PST,facebook,2025-12-22T21:10:28,true,2025-12-30T00:10:28
124,d25ad93a8c05e67aeccde0fe9567d840,IL,MST,affiliate,2025-12-22T04:01:28,true,
125,b9b846f43ba3c23248b0df7a21a16dcf,NJ,EST,affiliate,2025-12-18T21:11:28,true,
126,40c85fd84f20af89fff64f7985394f32,IL,EST,google,2025-12-31T13:01:28,true,
127,388303007be3021db7df0ab93f867d8b,AZ,PST,google,2025-12-30T11:20:28,true,
128,086ac21161d5900c7c991e48ca099628,NJ,CST,google,2025-12-31T21:15:28,true,2026-01-06T08:15:28
129,976f4ac1b07ff7985419474a38abff18,FL,MST,facebook,2025-12-22T10:15:28,true,
130,e438396d38c4f7a771a97f74f07b136b,NY,EST,seo,2025-12-28T16:07:28,true,
131,d9806937c5f9fea9cb6b180b5529f041,IL,CST,google,2025-12-22T07:08:28,true,
132,1f1d739ac600cdd1408f32bdbac15174,NJ,PST,affiliate,2025-12-26T13:46:28,true,
133,e59ec5bf1afe0ca4688e8b94f95d65c2,NY,EST,seo,2025-12-28T19:11:28,true,
134,9e8a35e836fc102c0ade4021067d34d7,NJ,CST,affiliate,2025-12-20T23:04:28,true,
135,2a2a28777ed3acc7c1d4e6caf7010afe,AZ,PST,affiliate,2025-12-21T09:02:28,true,
136,9afc804509c33356c5f235178743d4bb,IL,MST,google,2025-12-27T00:25:28,true,
137,e9cf5bbb5d78c56f2a8925dca025180b,CA,PST,affiliate,2025-12-22T06:46:28,true,
138,ac0c3e8cbc4a3f4b61c47f0c1834b7dd,NY,MST,google,2025-12-27T21:18:28,true,
139,e78ee0c5d216e1d0a16991c4d2b9d860,AZ,CST,affiliate,2025-12-17T23:12:28,true,
140,0661039b19870ee849bd4767d39518ed,NY,CST,seo,2025-12-25T05:56:28,true,
141,98ecd2929eb15345e34f22f49931be7d,AZ,CST,affiliate,2025-12-26T07:49:28,true,
142,f8ad89a96b331388bedeedec29326d46,CA,CST,affiliate,2025-12-18T11:42:28,true,2025-12-22T02:42:28
143,603c5c609ec6a926cabb56184189607e,NJ,MST,facebook,2025-12-21T17:07:28,true,
144,5de54460a052799c0f8e01ef4d6bcedc,TX,MST,facebook,2025-12-31T22:34:28,false,
145,1cd5b703bba295116ea3ce7f01fdda77,NJ,MST,google,2025-12-29T19:36:28,true,
146,a94a91159b2fc24b5ab48fdc059731c9,IL,EST,facebook,2025-12-18T16:26:28,true,
147,5bb980701732d07fd888feb04e0914ae,WA,CST,affiliate,2025-12-25T00:11:28,true,
148,bebfd28f010d74a42aef00a766e5238c,TX,PST,google,2025-12-29T04:11:28,true,
149,e765f5507f99455ee8354dfa10d9df08,NY,PST,facebook,2025-12-27T00:57:28,false,
150,c935f53b9880eb0dfbf0cd4f6c1c52c6,CA,MST,affiliate,2025-12-19T00:44:28,true,
151,26c693cb137f57121671c99dea9216e4,CA,MST,google,2025-12-23T23:14:28,true,
152,1e04fde9d2be7453099f76ba36eeb602,FL,PST,affiliate,2025-12-20T00:28:28,true,
153,9d257c5dfbc8d096bff88ef06ed38731,AZ,PST,seo,2025-12-25T15:58:28,true,
154,6ec8e62439c86c0e8841c0be74e006cf,CA,CST,affiliate,2025-12-30T17:33:28,true,
155,e066e3ac86c5fd27aab3286be1445ecb,NJ,EST,facebook,2026-01-01T06:35:28,true,
156,341d31b30b3f17b89bd6d97b072d167d,FL,EST,affiliate,2025-12-25T05:08:28,true,2025-12-27T07:08:28
157,002830ef8a1db8596915b35c158ed40a,NJ,CST,facebook,2025-12-22T15:47:28,true,
158,327e52a237b597563867361a0c817bc3,NJ,PST,seo,2025-12-21T14:19:28,true,
159,76cbb65519d780efa62f3eddbdb0fac7,TX,MST,affiliate,2025-12-18T17:40:28,true,
160,b889767685e2e7721971eae84a313716,AZ,EST,facebook,2025-12-27T20:56:28,true,
161,66b76ba5b38f43d5880bf6f7d1e067d1,WA,PST,google,2025-12-30T18:59:28,true,
162,46c5050ad4eaa781f5f9a78a1289435e,NJ,PST,affiliate,2025-12-23T14:44:28,true,
163,ff7091088be3e60ef36f2d991d5ef92b,WA,EST,facebook,2025-12-21T06:47:28,true,
164,17a9f28c2129180ce27f6dcd0f6a81f6,IL,MST,google,2025-12-25T00:11:28,true,2025-12-30T03:11:28
165,c54e7960c4a5786c3287f82cb0600c6a,CA,EST,affiliate,2025-12-19T12:26:28,true,
166,970cbadf799eb1263c3d78564fe5da2d,CA,PST,google,2025-12-20T22:07:28,true,
167,dd6457850629e04641efdd12c71211c2,CA,MST,facebook,2025-12-26T05:56:28,true,
168,f69ff427c07d2e39db3b3c2d0c5c5c09,WA,MST,facebook,2025-12-24T21:55:28,true,
169,9d1ea5a8190dcaec6b18f0e896b82c0f,IL,PST,seo,2025-12-19T13:02:28,true,
170,46e93a4707be88aa95761380eacfb444,TX,EST,affiliate,2025-12-24T18:48:28,true,
171,da87afbd68a9a220dd2d2b0e70c098b3,IL,EST,facebook,2025-12-21T10:28:28,true,
172,da79e35d78a0d5cb76edf77d0a32840a,NY,MST,google,2025-12-23T07:05:28,true,
173,0d366305da04c95fb51ffff613342e0f,FL,CST,google,2025-12-31T07:34:28,true,
174,02d943f22fdeb4207e6efbb332845d2b,WA,EST,facebook,2025-12-28T15:30:28,true,
175,e0ce384e48a6eadcf6a4f303c97a2ded,TX,EST,affiliate,2025-12-31T19:04:28,true,
176,7eb6f3b3a05d17de94ff207d2afc7bc8,NJ,EST,facebook,2025-12-20T11:39:28,true,
177,d880ff1c2a0078fc6984fd35f1a5ee7e,WA,CST,facebook,2025-12-22T17:12:28,true,
178,c72c2e2f0b226d827c3eeab569d81d7f,TX,EST,seo,2025-12-28T18:28:28,true,
179,e60307966ce806acb0c5ca8e1e17ac75,TX,CST,google,2025-12-28T21:16:28,true,
180,2606446328181d344be35e9fa22b391d,TX,CST,google,2025-12-18T11:13:28,true,
181,0d76a857e8341a501a1742062dbcc3c9,TX,CST,google,2025-12-23T03:17:28,true,
182,e7fe5ebeef2c064ce1a178daf6a49831,WA,EST,affiliate,2025-12-22T13:37:28,true,
183,cffc675c6a6d44e79f14c3f4ddfaa818,IL,MST,facebook,2025-12-24T17:25:28,true,
184,84c42fbf8a09dbbd8910fd60fe845f55,TX,CST,facebook,2025-12-27T17:37:28,true,2026-01-02T02:37:28
185,fd8122300e81e85123dc3ce19d3ffc3b,AZ,EST,google,2025-12-23T08:08:28,true,2025-12-26T18:08:28
186,b420dec20f6fa775bc582c54aafd4461,NY,PST,seo,2025-12-19T21:20:28,true,2025-12-21T22:20:28
187,25802ccfaaa49230d1fe43280f03d6ef,IL,EST,seo,2025-12-23T02:42:28,true,
188,a2a065999fb87218806a68f2f53a55f7,WA,EST,facebook,2025-12-21T13:02:28,true,
189,1cb10bf0380b79b2d1f44e191a5f5bd9,FL,CST,affiliate,2025-12-21T19:47:28,true,
190,2ccbe954ef45ba35f481c6491d772286,NJ,PST,google,2025-12-29T20:46:28,true,
191,f4b3607af242f3e917b3dbb7f51da1ba,FL,PST,facebook,2025-12-25T11:15:28,true,
192,202a86ca402a4432f95fe985642f4461,NY,EST,affiliate,2025-12-31T20:46:28,true,
193,e4852d99d9fa33d4e93958ad34b5dcd1,TX,EST,facebook,2025-12-30T04:01:28,true,
194,64e7b3efb93ec8efa439f7c38db2a961,FL,CST,google,2025-12-23T03:27:28,true,
195,76337ad3ce085f5ac90459d72a5bed13,NY,MST,seo,2025-12-31T18:42:28,true,
196,9894c9c8a4fc34315554e6113f77fb17,IL,CST,seo,2025-12-19T17:51:28,true,
197,724483d39a4cffe2a823f66f0b857e1c,NJ,MST,seo,2025-12-22T17:36:28,true,
198,befdd1f3576a42cb02fc23b5ff778275,CA,MST,seo,2025-12-19T12:57:28,true,
199,d80c91b7e30e59495da5e47924c93967,TX,CST,affiliate,2025-12-30T09:11:28,true,
200,1b237b2f781d8eaa25c1222c6d23afa7,NJ,PST,facebook,2025-12-27T17:08:28,true,
